Model,Accuracy,Mutual Info,AUC
CNN,0.9782,0.46271420445706873,0.9741797228439448
Random Forest,0.9814,0.47503503842087413,0.97390288426433
SVM,0.9814,0.47503503842087413,0.9732933314284807
Gradient Boosting,0.9802,0.4703068714042955,0.9761257414374229
Ensemble,0.9814,0.47503503842087413,0.9736438243090941
